id,user_id,date,type,category_id,amount,note
1,105,2025-06-18,income,4,5000,Maaş ödemesi
2,105,2025-06-19,expense,5,200,Market alışverişi
4,105,2025-06-20,expense,5,1230,asdsad
1750510131652,105,2025-06-21,income,4,12313,deneme
1750510177732,105,2025-06-21,expense,9,1321.8,deneme
1750510184505,105,2025-06-21,income,4,13.2,Developer maaşımı aldım
1750510191347,105,2025-06-21,expense,5,145,Tavuk + makarna alındı
1750513513809,105,2025-06-21,expense,6,434,İstanbul'a gidiş
6a25ecb5-bb4a-48cf-b3fb-e083a0d5f806,7,2025-05-26,income,dc3bcae3-ae39-4e97-97e4-69c0324221b0,1724.48,otomatik gelir
fcecee53-0922-4121-8ecb-9cc400c90bdd,58,2025-01-26,income,cc4f1591-01bf-44cd-9352-2312992ea030,2726.2,otomatik gelir
340b80a6-029f-4d89-bebf-12626faf40d3,60,2025-05-05,income,935c161b-2374-4cf1-b433-232832faf811,469.91,otomatik gelir
e2c5dfb7-e488-46f3-8c13-2967b5198cc2,11,2025-02-02,income,16d5070a-b061-4545-b061-acae7146626c,3999.89,otomatik gelir
0825af4f-4305-4f1c-b0c5-18c39ab53927,98,2025-05-16,income,c637da5d-86b2-4f14-9209-1f3ddaf3397c,3344.74,otomatik gelir
e948157d-2396-4fe9-b328-5a2988b3503b,66,2025-06-14,income,57033933-ec02-4de7-bd24-b4e5a4bc3b43,3809.92,otomatik gelir
a2966aff-a625-4e67-9419-c61a199278ea,71,2025-03-18,income,941cc697-6a45-4465-868d-d762ac194b36,4051.43,otomatik gelir
6da98270-2dfa-4f95-ac32-7f545fb28eea,50,2025-04-27,income,87c8cb1a-02cb-4edc-b84d-a080bf439e1d,1572.82,otomatik gelir
edc7effc-df9d-42c8-abc8-414057b0f1b0,78,2025-01-07,income,e23cba91-6a06-4614-bea4-2d191542eb15,3732.07,otomatik gelir
b43b5fb7-3d4c-4565-ab30-d24c396aa7c9,87,2025-04-20,income,d280238c-0cc9-4fa7-a553-1d2e1c73c760,747.8,otomatik gelir
19337ae1-a483-4d0a-8094-01b7c86442b4,15,2025-03-28,income,46251d07-7e72-4b74-a83e-128215eb158f,690.64,otomatik gelir
f8f20b27-210e-4fef-b96b-c82b2e46c7ba,2,2025-06-19,income,3cd525e8-3eb5-4920-857f-797e4e49a146,2123.0,otomatik gelir
328412e8-3dfc-42ea-9f09-e7a98bf1677a,95,2025-02-03,income,08724f50-f19a-40f9-9767-ef2ed134eea4,3996.18,otomatik gelir
2a59ad18-fe29-4d30-bbfe-e8699662e2f4,11,2025-02-19,income,16d5070a-b061-4545-b061-acae7146626c,744.19,otomatik gelir
a569e685-7e3e-4473-b1bf-b728eb92bbf1,34,2025-06-20,income,1dc17ec2-5c00-465a-b3f7-cdc5008fe65b,1158.22,otomatik gelir
c13ad821-e5ea-4219-8e3c-1946a65617f2,35,2025-02-18,income,5360a3f1-8078-4dc9-a693-e7a00c95a489,4293.7,otomatik gelir
c6b7d485-2042-418b-a6d8-969167657ec7,63,2025-01-04,income,d0cc6aea-ae7a-425d-9a2d-d861b5994e0b,4076.66,otomatik gelir
36e8ddc9-6c12-4f31-b96e-5b2715c2afd0,43,2025-05-25,income,0b00bac4-bce1-4c2b-9359-b15b62ba42de,1705.21,otomatik gelir
b2d51326-da61-402a-9c2e-caa7d66805ed,66,2025-05-10,income,57033933-ec02-4de7-bd24-b4e5a4bc3b43,4254.73,otomatik gelir
393b3ec0-3922-4966-8090-b9ddbc06fc9c,64,2025-04-27,income,8db9e237-2542-42fa-a019-acf43ffba719,3178.19,otomatik gelir
b9e91040-f865-4f8f-aa40-57c5779735a3,78,2025-03-02,income,2d98d361-1274-4f03-8595-0c3f7f27a92e,1210.79,otomatik gelir
addbdc21-77be-4ba5-9e61-5c409f3799bb,16,2025-03-21,income,33946022-619c-4a47-b295-7686ac0c6501,1662.64,otomatik gelir
b0cd93e7-ffe7-4afd-b874-3ae817edd43b,54,2025-04-02,income,96d4ff20-14db-490a-90f5-56de165fd8ce,4525.72,otomatik gelir
b2081dd6-adc1-4339-a4cc-d823100dc366,86,2025-05-25,income,f446268d-8f41-4d11-ac81-428ff9f848aa,3561.48,otomatik gelir
b80ad54d-a595-4cc2-b48b-fd2cf5e26deb,66,2025-06-05,income,791d0f78-0130-4473-b756-e5941e413d02,3030.98,otomatik gelir
2754b672-de84-473a-af30-3f911bae837f,24,2025-02-24,income,edaf3203-c8db-4b79-a6da-6dd880fc3d7a,727.84,otomatik gelir
89534642-cba5-4646-89f6-e7edf12e7b33,2,2025-02-18,income,5ce25288-8edd-47d8-af55-cb0fea2522b9,3867.29,otomatik gelir
bb19f07e-8a50-4677-a3af-ee5fb8dc4eb6,42,2025-04-09,income,0eac2ab6-8855-4052-8052-59900f870155,2754.26,otomatik gelir
d88f9654-b6fa-4f15-9538-ec1eb88de4e0,47,2025-03-01,income,1ce5c4f9-ed74-4ef6-a81c-a7730204f643,1155.55,otomatik gelir
59cf60a9-e342-4cbd-92d5-398203f5069a,15,2025-01-20,income,cc09a1d5-4013-440a-8665-bd5c7003ecb9,649.94,otomatik gelir
7355343c-a6b6-43e6-926f-96794484c20f,71,2025-03-07,income,941cc697-6a45-4465-868d-d762ac194b36,3040.54,otomatik gelir
c24c352e-204e-47d7-a507-7f22c14729c1,74,2025-02-22,income,ef053cfd-6d05-4759-a2a1-72c85921af03,338.18,otomatik gelir
a46e8f86-4532-4128-a560-c402c4525b33,65,2025-06-06,income,1304e41d-4afb-47c1-ace3-8d72788e1547,247.44,otomatik gelir
917d942f-f8bc-4276-90b4-1a6e6074384b,61,2025-02-09,income,a4f87cc7-51c9-40b1-83ef-9032c64f7566,821.71,otomatik gelir
b3aa762d-95ae-446a-b72d-0fa4602ad1bc,74,2025-06-02,income,faba8af8-d50c-42aa-8803-dd89f5c3d815,248.37,otomatik gelir
aaa5cf30-030d-4fb1-920e-51bdb203bf6f,13,2025-06-16,income,fe86e4a9-ee15-432c-8441-f9cc54921b09,2548.84,otomatik gelir
b7a6c568-1bea-4242-a1e7-4b1fe033c7be,42,2025-05-14,income,9d79b5a4-ecb4-44ec-a66c-d57bc6495235,3134.23,otomatik gelir
01a37d98-7e98-4073-a37a-1d7f9190f79e,65,2025-01-08,income,13097561-1cb9-46d5-bd73-0a229958677c,846.01,otomatik gelir
bba82ba6-d709-489a-9481-1194fbf61aad,97,2025-06-02,income,506b0e68-089f-4848-8505-3ecd59d7683c,1680.6,otomatik gelir
9b9d6500-b2ea-4157-996f-e8176d6d2f93,15,2025-06-04,income,732ada2f-5a73-42cf-9b9c-2500a3332136,3271.44,otomatik gelir
8ee3c41c-55e3-482f-ba16-b4577e052401,94,2025-04-21,income,f143d755-7525-4ad4-b65a-fce7bbf8ecfb,4960.71,otomatik gelir
6869fe11-15b9-4dcc-87e4-b5c54aad4aa2,43,2025-03-06,income,cae3dd5f-4f46-427d-a0d0-51753191911a,2850.38,otomatik gelir
37403991-f2a6-49f9-b65b-81849b4da16d,3,2025-04-07,income,5376daa4-31bc-4c3b-92ab-b6beb9cf4833,2700.38,otomatik gelir
49a4eb05-752b-4f25-8814-62f0368de078,83,2025-01-01,income,ce759f0d-ee54-4b15-aa4b-3f1744920f25,2596.56,otomatik gelir
f38e597d-2f91-4627-9cfc-c0f7297c1601,67,2025-03-09,income,c48b9a90-35f5-40b6-8ce5-80995d264f83,1487.56,otomatik gelir
0d2f78de-d13a-4b81-8956-903753996add,22,2025-04-16,income,87ff55b5-dcb0-4f39-b797-daaedd5be719,1703.51,otomatik gelir
f7c53c5e-9eff-4a5d-9cc5-6776f3ebcbc9,77,2025-02-24,income,08317717-f0c9-430b-bd67-ba461a27a585,2440.71,otomatik gelir
e2beee2f-4fda-40c5-b82c-107a4c851c3c,22,2025-02-03,income,4f0b37d8-a738-4872-bc87-43cf356115fb,2070.93,otomatik gelir
a771c952-cb3b-4293-94b5-e6fdb7a69bac,100,2025-04-25,income,91793579-5534-4f64-bd01-404bc6e40a47,4207.19,otomatik gelir
ee7d2fbc-a1a9-47fb-9731-e5fd56a0189f,38,2025-05-17,income,5e063e6a-3a8c-43d5-9036-e5d27ad6a6a5,3729.96,otomatik gelir
e581c1ee-47c0-4e5a-99f5-5c1e4ce37f86,77,2025-05-05,income,da778b89-b300-42eb-b43f-7f0de7851b20,2899.54,otomatik gelir
227a91ee-6b7b-4ac1-9f51-8e60709af8b4,76,2025-04-07,income,055aeef4-aec4-49a6-854b-4c41decc89af,2870.91,otomatik gelir
92b49f3e-7fd1-4630-b4f6-9b992d0dd8d2,64,2025-05-09,income,0a8dd0a1-51fc-4660-9e35-5a39cb9b559d,2965.83,otomatik gelir
7ecfe04f-39e1-4bed-9d30-0cf81140f5a0,22,2025-02-15,income,12669b76-411b-4030-8d30-33feceef9225,4300.37,otomatik gelir
f79a40b2-3667-4a20-ad10-82b724184733,5,2025-02-22,income,44cc9d70-a948-400a-90e3-f698b1543cc2,1150.66,otomatik gelir
bf748349-0472-461d-addb-235bd96b79b3,28,2025-02-05,income,9c2fe29a-5982-4ccf-936c-3f6e08530652,154.62,otomatik gelir
61f9edb6-8136-4a01-8230-7ef848fee017,1,2025-04-20,income,2f7d03b6-daf9-4276-bbad-b00221c011a9,3111.79,otomatik gelir
10f2652d-188a-48f7-9862-3b96ae3444f6,49,2025-04-21,income,6b5b8349-08f9-4702-bc5f-831ec87e26de,1097.66,otomatik gelir
f022b6e9-642e-40e2-bfaf-fb8c33055368,9,2025-06-12,income,8ddb327f-99ad-443c-b387-36c64f7e432d,2605.19,otomatik gelir
d4e5a2f1-85de-44e7-be6b-c7c64b55e53c,38,2025-04-20,income,3f55ae90-d779-43cc-a741-c4ab24e13682,634.4,otomatik gelir
098a7de2-2b3a-49af-aacd-b888ca79ca6a,82,2025-01-17,income,35043f4e-9b57-437e-a309-99e897ca450f,4051.73,otomatik gelir
90568573-d7a9-45fd-9052-a9b7e6dda482,63,2025-04-17,income,172debd4-39bc-400f-a3d5-c7c4b817c61d,3637.55,otomatik gelir
734a4278-9a8a-4946-800a-f44530643eea,71,2025-06-13,income,cf738372-f8ae-4a05-9087-5b9f11121911,4927.19,otomatik gelir
e373f9be-9412-4d11-bb1c-45596435fde7,8,2025-01-31,income,bee7373d-c97b-437a-b0a5-68d12151649a,1421.11,otomatik gelir
523d0c5c-2d23-480c-80ee-ea9614e07ed4,86,2025-05-15,income,f446268d-8f41-4d11-ac81-428ff9f848aa,4805.78,otomatik gelir
64020a77-16e6-4201-bc42-1b2ee9c4511a,18,2025-04-08,income,88b72321-5666-4b74-943e-3d02ea3f1277,2256.66,otomatik gelir
cb6f5946-a080-40e0-9020-28483454e2a1,20,2025-04-09,income,bb6e9e72-be19-4e6b-864f-39b61864dcd1,4653.94,otomatik gelir
8823b4c6-60a4-4151-a927-58f8a98c7e80,86,2025-02-22,income,79194f5f-82db-4866-8b25-0c51a24b4318,1579.36,otomatik gelir
f409afcb-bbf2-4529-bc24-090ab3368d13,94,2025-01-10,income,fc4766a1-e1f0-49c6-8b64-1f21e349472b,2062.9,otomatik gelir
1387fcad-788f-411c-8363-3623422c4b0c,36,2025-03-14,income,4e60b666-d900-49f9-84a0-b71321f9f596,4605.44,otomatik gelir
8ab92582-faff-4337-90ab-e15173b29ca3,43,2025-02-03,income,cae3dd5f-4f46-427d-a0d0-51753191911a,3115.09,otomatik gelir
c131e84a-d43f-4592-b342-28d1b4f08403,22,2025-02-18,income,4f0b37d8-a738-4872-bc87-43cf356115fb,810.49,otomatik gelir
96db6635-b5e3-4acf-98c8-1a31d7898458,84,2025-05-16,income,e3157e0c-5617-4fd2-a363-ea3d932074a0,1798.59,otomatik gelir
4dd643a5-5726-460b-9e2c-945411023984,6,2025-04-18,income,2ee2fede-fc8e-4b53-a512-43a44fff38d8,3371.93,otomatik gelir
dd10b649-7079-4cff-accd-82b2ec183c1b,98,2025-05-07,income,36773b2d-8c86-4132-befe-51265a99c2f2,1098.42,otomatik gelir
3c9a6368-1d29-47b0-a438-11638276de70,28,2025-05-08,income,405128c5-9564-498d-b78f-6d1178af4913,4038.96,otomatik gelir
aa36e4d3-18ea-4fa7-ac7c-2ed964279503,12,2025-05-27,income,e2815e82-86b0-4daa-b56c-d33aa8e3892b,549.53,otomatik gelir
3b48d57c-8ca3-47bf-acad-dd7eab74e775,42,2025-06-07,income,0eac2ab6-8855-4052-8052-59900f870155,3124.74,otomatik gelir
bf5ee40d-2a51-4dc2-a615-86e5d778f252,73,2025-02-09,income,f68207ed-ef7a-4840-9b94-f39bf4505336,971.41,otomatik gelir
fbc46165-9ac9-481a-a1b7-122c743c350c,82,2025-05-28,income,6c2d2265-ec0c-4939-99dd-ae1b4ade7753,1594.26,otomatik gelir
e8d2e0c3-c673-40c2-b8ee-ffb65ae8d58b,92,2025-01-08,income,9f17a469-dd16-4746-b68f-9866ed2a0576,3503.91,otomatik gelir
c6b6c400-efb3-4b57-ae47-cb3bf875bca9,82,2025-05-11,income,35043f4e-9b57-437e-a309-99e897ca450f,4664.18,otomatik gelir
481010b9-fcba-4764-a89a-4b6140645d87,33,2025-05-05,income,e612a388-fd49-4900-b985-dcd73d1b79bf,3678.86,otomatik gelir
9365cdad-d3a1-4b47-bda0-fc5abbf36ff5,8,2025-05-19,income,66915c10-e291-43b4-a9f6-9347f37db146,1354.22,otomatik gelir
6e201fac-fcb3-447d-878a-e5c3970fd03a,37,2025-05-18,income,a00263bb-a07b-47d3-b043-79370ab53656,2386.25,otomatik gelir
e91a8cc8-9ca1-4b51-81a9-1cde8f77e533,86,2025-02-13,income,79194f5f-82db-4866-8b25-0c51a24b4318,3063.71,otomatik gelir
f6de90cd-dea6-4c2c-8351-5730802e814c,43,2025-04-26,income,7b61aa04-c371-4102-ab2a-000616a5161f,3219.09,otomatik gelir
100462bd-f259-44da-bf68-1e723430d27b,73,2025-06-18,income,ae2f78b5-5e34-4d37-8bf6-3abc58595379,1106.96,otomatik gelir
5f85cf08-4a99-48f2-a17b-6a590c962983,45,2025-05-26,income,f21f2f58-2d98-48d5-9f9a-2f0853b3689b,3908.09,otomatik gelir
463baae3-5ae7-48f0-9462-d7ce99f30e2b,97,2025-05-05,income,d66e485d-9678-4716-9ee8-4aa09efc0273,4162.74,otomatik gelir
e2f7f926-4bec-46e3-8b79-97e19768b41c,51,2025-06-18,income,db158b89-a0d4-4c7d-a819-ae77768e0541,3038.15,otomatik gelir
349439dd-4da1-4583-bd66-5083cbdb9c33,7,2025-03-21,income,c0e27cf0-6ea6-4216-b7b0-3750893f5166,3176.13,otomatik gelir
670caa37-cfef-46ba-b714-cdd5a5cacedd,50,2025-03-06,income,e88474cc-3e29-48e4-9075-9f2769ca826e,900.82,otomatik gelir
be515409-a994-4e69-a7f2-56172cd126c4,20,2025-01-13,income,bb6e9e72-be19-4e6b-864f-39b61864dcd1,4854.9,otomatik gelir
6e227fa4-4ce8-4c17-889a-d38b6cc9addf,33,2025-02-02,income,79d81926-3abd-451a-b5ca-26ae9cb60513,312.86,otomatik gelir
ebb3de81-93c8-43c8-9a52-1676d075a272,41,2025-02-01,income,10ccf625-971a-41ce-a9c8-1ecdd063f4c7,2469.54,otomatik gelir
bfb10dc8-d489-4c70-a8df-c92d85690657,31,2025-03-15,income,699e0c2d-19b8-43f6-94e9-007bf80def71,3283.58,otomatik gelir
e2ed0ee4-3902-4488-a78a-1fe8732c1f5f,92,2025-02-19,income,2b20b6c0-4f5f-4e84-bdd2-35a6e2babebc,3857.95,otomatik gelir
97044441-bf0a-4e1e-b9e7-7ecb6daafdd1,39,2025-02-03,income,de2993b4-d514-4862-9315-2279d54d2b8f,516.67,otomatik gelir
93095bd2-8c77-4250-9971-81bb1939ca67,51,2025-04-01,income,6708864c-5b5e-4319-a82b-87e14da48d71,2296.03,otomatik gelir
19a5f3d6-bee6-486d-930c-6f339a5a92ad,24,2025-06-05,expense,9511c6b6-93aa-4027-8d02-1acb2cb53a6d,698.37,otomatik gider
9e3431da-793d-46c9-8ff0-932717d0b1f2,33,2025-05-14,expense,df974396-2e6b-4fb7-b9d6-ebbeeefcaaed,1846.47,otomatik gider
02e9d94c-176a-49c0-8ecc-53a1c3e4d601,92,2025-03-28,expense,2c5dffa8-f62b-46b4-abc3-af0813afbeab,797.04,otomatik gider
0f3441a8-e931-4b06-bf4a-56a3fd3ada03,45,2025-05-19,expense,8f637fa5-1c91-425e-9dfd-fad48cd90771,1554.86,otomatik gider
9ab40eb2-5ccb-4baa-9684-3d3b1245f975,13,2025-02-14,expense,93216ca5-aeed-4141-87d5-7ea35e38461d,284.09,otomatik gider
6651b6a2-1cde-4423-b825-a360307aa666,36,2025-04-25,expense,b2069438-d545-4371-b2fc-ed1c138cf97e,1375.71,otomatik gider
0c94c4f3-8404-4fe2-95c0-30182a978ddb,40,2025-04-05,expense,dd0b7587-db7b-4a7d-ae9e-9dc8f590c391,1733.9,otomatik gider
a68b4116-399e-479b-98b5-f64341c3ebd8,31,2025-05-11,expense,a0a1362a-4bce-432f-ba8f-ba6a37f0341c,1245.72,otomatik gider
c00dad4b-aeb0-4315-bc8f-fb18b5535ffb,8,2025-05-05,expense,6f057b65-8eab-406e-897c-b27c66fa450f,1984.71,otomatik gider
80f11b49-74c8-447c-960b-3c78dfc24d23,19,2025-02-26,expense,958d2ed1-53cc-454a-8467-bc17d9cbc960,1799.66,otomatik gider
9583ec34-0711-4e6c-aa30-4232686eb903,39,2025-06-01,expense,c11d71cb-7239-4fcf-8606-d9e44469ada1,1378.26,otomatik gider
04399f41-f046-41dd-ad88-f21cdb74f45f,100,2025-05-31,expense,ed3ff6e0-a2bc-4d39-bc44-965cac64a41e,655.04,otomatik gider
3a9673b1-9601-4699-9fa7-2569da4c965d,67,2025-06-03,expense,437228f2-bccb-49df-bf67-133b8028e4c5,62.6,otomatik gider
0d67f53d-d695-445e-8dc1-e121837eeb0e,75,2025-06-08,expense,e9bdbe1b-7163-460d-80c5-b7a0768ef90d,1275.47,otomatik gider
85fbb5f2-418a-4c71-966d-759a71060fcc,13,2025-02-07,expense,93216ca5-aeed-4141-87d5-7ea35e38461d,533.51,otomatik gider
071b7365-ebae-4ed5-a161-3a1f6b49caf3,21,2025-06-11,expense,75995bef-2461-4412-bd41-a179bdb13fd2,930.05,otomatik gider
1507b682-2c6d-4425-9e45-ae96444920f5,49,2025-04-17,expense,5cb211af-58e4-4628-9872-f9e48f9f133f,1759.62,otomatik gider
9ac25b44-635c-46e7-a2d9-ab165faa0c9e,17,2025-05-05,expense,a3c838dc-3c7f-468d-8285-5e7f7a270815,500.58,otomatik gider
d264d7b8-5fac-4e50-9bcc-09c53ca9b558,43,2025-02-14,expense,94d6c883-a03e-4e2e-ba96-456c02c67422,1151.1,otomatik gider
e4fd2484-e7cc-4ed1-a0bf-e2cdbb73491d,16,2025-02-15,expense,68e70eba-3cc4-4cfe-a643-ad2257fef550,1907.97,otomatik gider
c385d142-6c56-4505-aa4c-c5e6e18217c4,20,2025-02-01,expense,8111a26e-b750-42a0-bad7-5235a4c2118b,528.02,otomatik gider
3ada7024-5877-4d0b-bc29-d5b6eda37c26,73,2025-04-08,expense,0f4e1c75-91b8-4eb0-8a01-8b505ba4a8f9,406.44,otomatik gider
e4a2aac3-c849-4797-87ad-96257f54d85e,57,2025-04-03,expense,2d2657a6-d92b-4230-ae24-0400ace815cf,1649.48,otomatik gider
58a6ec84-708d-403d-b342-76b5138a1956,83,2025-01-25,expense,97d29912-c440-45dd-9408-d5b58e3c0ef2,1916.72,otomatik gider
445057c0-e4da-4e3d-8df1-f20bf8e48310,52,2025-02-25,expense,f267e494-78ee-43d7-825f-a2c31fbde248,1652.59,otomatik gider
d32fd338-cd19-458d-91b6-e58be9ed740f,2,2025-02-11,expense,1f8f7b5b-83fb-4ccc-af31-16d91008eae5,979.43,otomatik gider
e5ce02a1-70b3-4df1-9d6d-3b571bc4fec5,25,2025-04-20,expense,ec9810d0-224b-43dc-891b-ef18f4e20dc1,552.52,otomatik gider
d2b45935-4706-4df1-af12-47aa66d2490a,16,2025-04-20,expense,7d690f84-7141-477e-9e5f-a18d57b4c718,43.71,otomatik gider
1161de6a-0f52-4e39-adf7-d94ef0fb85ec,63,2025-02-02,expense,04f4e3d7-a62e-4b01-97c6-d8c17f7f06f7,1544.73,otomatik gider
4d3fd2ee-f487-4def-b4e7-c1f63586c9e1,59,2025-01-31,expense,1999b964-fdc0-4b19-a8a7-668ded84b9df,1137.11,otomatik gider
9384a578-d174-4a49-bd13-0e00085ed85b,96,2025-06-01,expense,f4ec0bfd-6c64-4a99-934c-cf2d4c7bdbff,1114.04,otomatik gider
4dd73f7d-b3bb-4e13-8edf-c0fcfa1fcafa,69,2025-01-20,expense,427d242f-155e-462f-8ed7-b80a94271d0a,873.2,otomatik gider
c0c2297c-b495-4a46-a056-b9221ddde280,31,2025-05-16,expense,98d62285-f042-42d6-a536-e5565ab56d07,1720.88,otomatik gider
caae385c-8452-4d89-bfe3-5c68d5f19662,56,2025-03-18,expense,4522e2cc-61af-4a4c-be6f-dccfa83c403a,1415.08,otomatik gider
08e4dcc1-241a-4192-be5d-eccbea55ab4c,83,2025-05-15,expense,97d29912-c440-45dd-9408-d5b58e3c0ef2,943.84,otomatik gider
0042599e-b2d9-40f0-858f-10aa859fdd08,34,2025-04-28,expense,89a57914-ca80-490d-8b45-98ee0ae8d3b4,1570.36,otomatik gider
e212204b-36cb-4288-94b1-1b7d03ec9244,42,2025-05-11,expense,0563d10e-c15a-49c0-bafd-2385004e5e64,630.72,otomatik gider
bb419cb9-a047-474b-b688-65b4a78529d6,99,2025-04-09,expense,3c372456-ce96-4832-bd8f-4d90eda1faa1,422.82,otomatik gider
140f7508-11ed-44e6-a524-bcf33c4781a7,79,2025-05-18,expense,6c472762-ee8d-4a2d-85b8-37dc741e6ef8,1479.29,otomatik gider
c287767a-c96e-4c37-84d8-824f9a97cbc6,40,2025-06-13,expense,a25d7517-38bb-4a18-a1de-18466f961b23,125.9,otomatik gider
61f46bef-d7e2-4785-bd6f-12cd3ccf9673,98,2025-04-16,expense,040eb34d-4ff7-43a2-868e-6b0dac9227ea,1616.7,otomatik gider
3abb854a-ff8e-4821-941b-6e8d880cc745,86,2025-04-28,expense,5b3fff86-403b-4a4f-ae46-78bfebdea2ba,1465.66,otomatik gider
277550ce-fff2-488d-9325-b5c98d2aca1f,76,2025-03-10,expense,0a1f922a-9623-4420-98a7-6c98c426c530,1527.99,otomatik gider
69903281-381c-4424-9698-01fac8fcabb3,69,2025-06-10,expense,8bc60ce9-9483-4908-85ba-e82c0acd5df7,1287.93,otomatik gider
d117209a-3a37-457e-b07b-dbbc07329d14,18,2025-04-19,expense,ed9ab975-d69b-4709-919e-4b5229fbe9ff,121.02,otomatik gider
765d4246-2b8b-4103-83b0-efb9c7a569b3,19,2025-06-05,expense,7e462afd-4e31-4b10-bf31-84bf2d6046d8,281.47,otomatik gider
c8669c55-25b2-48e7-bbff-c9e25012ecf2,50,2025-01-29,expense,9aae4132-4830-4656-a8aa-004ad92fca00,1901.92,otomatik gider
8a8d440f-a295-4be4-b1c0-b47f908d257e,68,2025-04-30,expense,7224c2a4-e5f1-430e-8186-695064a117df,1650.86,otomatik gider
c28a6ef4-e060-40f6-a1d9-5889d913c1d0,46,2025-04-30,expense,0b05c4a3-8365-40fa-83f8-3cef89b91569,1761.28,otomatik gider
d0867470-789a-43a8-b390-f61888e66524,30,2025-06-10,expense,31beb418-223c-4f32-b784-fb67a0429edb,10.44,otomatik gider
5f04d6d3-2d4b-4f86-bdb9-36f0c0c34766,11,2025-02-23,expense,a1fbc752-7ae3-4b21-9096-9e5fa7ad18f7,1329.69,otomatik gider
179cbc3f-1c36-44d4-ac82-37d1b967afb8,17,2025-06-17,expense,2ba80d37-6363-429f-9384-65eb22b51c3e,650.38,otomatik gider
aa150f67-2050-448a-83b6-1d6cf3ee2217,6,2025-03-15,expense,a8086e36-67ff-49ed-9390-963457c5e48a,188.93,otomatik gider
50eb6a01-6d44-4ab4-b9c7-947cf363d389,66,2025-04-19,expense,81597da6-6e18-4141-9982-e8c59f86e575,546.41,otomatik gider
e1bea1eb-3fdc-44ab-b5d7-aa0e9f694ac9,5,2025-04-14,expense,7782818e-6d71-4dfb-b050-fdcedc1f7670,1370.79,otomatik gider
226aeaa6-ed05-419c-9642-9bea4abf1435,34,2025-01-18,expense,89a57914-ca80-490d-8b45-98ee0ae8d3b4,1605.37,otomatik gider
758578ec-1b23-4856-a6bb-6ac78b8e2c2b,77,2025-05-02,expense,8f6aec2b-7f03-4262-a788-f1f8715394f1,805.46,otomatik gider
6b9969a4-5be2-4e10-a326-6095c09daa2f,35,2025-03-20,expense,2c5ef66a-6d8f-40bd-8d3f-1889a7c163c0,1858.85,otomatik gider
4a78e882-6674-40d1-9db9-6491a8118fde,1,2025-02-16,expense,0f09f55b-69b1-40ae-99ad-d6a11c1fde6e,750.66,otomatik gider
4e8ac305-7635-41b4-bca7-5ad01f852a0e,85,2025-05-19,expense,a9536ebb-4557-4bb1-b49c-6f253740f1bd,1356.3,otomatik gider
39e18595-1167-45d6-87ab-c766d3882117,45,2025-02-22,expense,25cc90b3-1fd1-4545-8b51-232491f45d97,712.64,otomatik gider
dc487044-4122-4409-9d8f-b3e6545f6e6d,23,2025-05-18,expense,f6b279de-f618-47d8-893a-c10d62cb17be,35.93,otomatik gider
3599172e-f5b8-45b4-96bb-c30aee831803,48,2025-02-06,expense,f75945e9-f33c-4741-9867-8bd36f53e40e,1009.63,otomatik gider
53250360-e747-49d2-889b-0dab73e0d32e,7,2025-06-17,expense,0484486f-1592-488b-91a3-d48892d1919d,817.29,otomatik gider
9f20a432-4166-4ec8-9f02-f663bb0b124a,93,2025-03-10,expense,fa7cffa5-b5af-4689-9492-2081d17cef51,1992.76,otomatik gider
134aa3ef-3375-4006-8099-626d155ef7d4,60,2025-03-14,expense,7ed00c8d-e014-4013-86a8-39973101d8ba,769.86,otomatik gider
f09fb50a-4f0a-432b-85f1-9910b45313f9,86,2025-06-14,expense,5b3fff86-403b-4a4f-ae46-78bfebdea2ba,1471.02,otomatik gider
d312d860-cafb-43a1-ab3b-47077b52c188,66,2025-01-06,expense,4eff3c48-0755-4c20-abdd-76242a6272bb,1546.2,otomatik gider
a0cc940e-046d-4ff1-a43a-09a5253512d5,99,2025-01-04,expense,3c372456-ce96-4832-bd8f-4d90eda1faa1,341.19,otomatik gider
89433020-f579-4976-82a5-5bc7b1739ac6,35,2025-06-12,expense,94354c30-dd99-475a-bbe6-98723b84a4f4,327.23,otomatik gider
f7bed68e-0918-47d6-af90-59c3ef0ef4ef,72,2025-03-08,expense,178a9219-60e4-4c43-a118-898f42a86c8d,1214.42,otomatik gider
7c4c05af-2ffc-4979-b452-117b91e0a8f7,18,2025-02-22,expense,f93c4289-9af3-4933-af89-9b83998ccfde,882.02,otomatik gider
7d116569-f91c-4f72-8e6b-6f261e7f7eff,19,2025-05-28,expense,e9f6f298-aad8-42c5-8ede-380dba71b61b,606.68,otomatik gider
588e5beb-c404-492a-a34e-600dde5a8ec7,20,2025-01-07,expense,c4023a2c-28ec-4636-b881-30aa82b618b0,1286.57,otomatik gider
5bc21704-99cd-4bf0-a8c8-9fc12012546f,96,2025-03-14,expense,f4ec0bfd-6c64-4a99-934c-cf2d4c7bdbff,1472.66,otomatik gider
1c966ac0-dedd-4693-a130-f6d82779c137,61,2025-06-08,expense,9aef7467-47d7-4d61-b68e-669f7d01719c,1963.57,otomatik gider
fe72c6e3-3ef1-4737-a277-d499b7a29214,17,2025-05-21,expense,a3c838dc-3c7f-468d-8285-5e7f7a270815,451.56,otomatik gider
6ae50905-f9cd-4bcf-9c63-72761d063b76,8,2025-02-16,expense,6f057b65-8eab-406e-897c-b27c66fa450f,1283.1,otomatik gider
edcf299d-0b3b-40a6-903a-833473fb9d46,30,2025-04-21,expense,31beb418-223c-4f32-b784-fb67a0429edb,1232.6,otomatik gider
47d60000-4ed1-4779-a76b-9d71bc0e3b4b,13,2025-04-27,expense,2a3905e3-0317-4160-ae19-27633e09a2dc,1594.9,otomatik gider
1ac53b40-b666-4c28-b04c-b44e420d1550,38,2025-03-30,expense,937cee13-1a69-421a-963a-4efeb9e43de9,297.02,otomatik gider
dfc490cb-cae3-4fdb-b447-fe61b0de0c49,45,2025-05-10,expense,25cc90b3-1fd1-4545-8b51-232491f45d97,1871.82,otomatik gider
b344cd6f-58d1-4432-aead-35a7c112e313,86,2025-06-21,expense,a5016281-39ca-42a8-8e31-6a4a53ea3f2b,307.36,otomatik gider
ef8c510a-0e71-488b-8e04-010ca25341ff,11,2025-03-28,expense,ec459c57-218c-4143-b2d4-0bdc8a89948c,474.27,otomatik gider
f10049a9-f427-41d8-8531-01da49168c0d,33,2025-04-20,expense,dba6b17b-f2a5-425b-9371-6d1134c2b5e3,1240.31,otomatik gider
c442d4ff-900f-4f31-880e-e8da20b46aa5,23,2025-04-01,expense,000fd3de-415e-4992-b0cd-42b9b8fcc431,808.86,otomatik gider
58ffbad0-5e47-4888-bdf1-5c4021aca27c,46,2025-04-11,expense,923ffd21-b3ee-4297-b7a2-655a761ad72f,1206.19,otomatik gider
53252faf-fad6-4afe-93d2-e1a31c7bcecd,21,2025-04-25,expense,75995bef-2461-4412-bd41-a179bdb13fd2,1010.59,otomatik gider
929a777d-e5c9-4d49-85f9-32f846f513bc,6,2025-01-27,expense,057f182b-30f7-411e-be87-d60a9b7d9b9b,1498.54,otomatik gider
2595a4a8-7538-4893-b2ed-38402a743df0,99,2025-02-18,expense,66692d98-3e23-4a0a-ba22-b001cc04e280,135.96,otomatik gider
1bc7aa31-7abd-4144-92b3-15079833b76a,16,2025-03-27,expense,7d690f84-7141-477e-9e5f-a18d57b4c718,76.98,otomatik gider
92fd1713-ed5e-412d-b7c4-abf00801ab64,98,2025-03-23,expense,040eb34d-4ff7-43a2-868e-6b0dac9227ea,1913.35,otomatik gider
c2f2d165-b52c-4789-a3b8-29e20cf662ce,35,2025-01-07,expense,2c5ef66a-6d8f-40bd-8d3f-1889a7c163c0,1349.3,otomatik gider
9b7f8bfa-c2bb-4d22-b642-86c9b847f40a,86,2025-02-23,expense,5b3fff86-403b-4a4f-ae46-78bfebdea2ba,1284.54,otomatik gider
f8119c48-53e0-44ef-9b73-932ca23dddba,39,2025-02-11,expense,0182ac13-c846-415e-a06f-1e32ece9b906,318.16,otomatik gider
a3e983c6-866b-419a-ba02-c58e044a6e0c,5,2025-04-02,expense,7782818e-6d71-4dfb-b050-fdcedc1f7670,817.45,otomatik gider
39071cac-9bb3-4031-af3e-02177c190ea9,66,2025-01-12,expense,81597da6-6e18-4141-9982-e8c59f86e575,263.68,otomatik gider
06911d74-1a41-451e-a85b-cc7bb9ce2149,63,2025-05-11,expense,3daafd9a-5286-4c0c-bdc7-edc19896b441,1238.13,otomatik gider
4b749ce9-6101-4d7f-9800-bf84fe5b1405,58,2025-02-02,expense,2aff6302-9c8c-4101-a8ea-5e832e3051ff,305.33,otomatik gider
d030291f-14a6-48b7-b01c-99678375c77c,50,2025-03-24,expense,39dca6c7-a859-4778-bafc-53a4cae3cc62,112.34,otomatik gider
,,,,,,
1750520527700,105,2025-06-21,expense,1750520515421,132,ekmek aldik